{"cameraMode":{"drawMode":0,"name":"Shaded","section":"Shading Mode"},"sceneLighting":true,"audioPlay":false,"sceneViewState":{"showFog":true,"showMaterialUpdate":false,"showSkybox":true,"showFlares":true,"showImageEffects":true,"showParticleSystems":true},"in2DMode":false,"pivot":{"x":898.4900512695313,"y":413.1427307128906,"z":1478.670654296875},"rotation":{"x":0.03480484336614609,"y":0.0011790732387453318,"z":-0.00004110825466341339,"w":0.9993935227394104},"size":2717.64990234375,"orthographic":false}